UserID,PaymentRevenue
1673672646759-6010710452938637680,"5,826125793"
1673811886533-3308641358962027481,"1,163524761"
1673557631838-4075714709968288531,"6,056467465"
1673557631838-4075714709968288531,"6,056467465"
1673713438526-5393379852337099847,"3,832763742"
1673736242802-6016067639683359509,"6,480860364"
1673670959707-4461760122653175614,"1,99"
1673794702855-4085936612867003776,"1,163792417"
1673670959707-4461760122653175614,"5,99"
1673670959707-4461760122653175614,"2,99"
1673894696542-1910345648587872401,"1,657541352"
1673894696542-1910345648587872401,"4,032044263"
1673894696542-1910345648587872401,"4,03316"
1673879855079-8478894217012453542,"2,98741561"
1673625536962-3029069623219962180,"8,844144426"
1673625536962-3029069623219962180,"46,26282988"
1673794702855-4085936612867003776,"1,172487608"
1673794702855-4085936612867003776,"1,759710116"
1673752808799-5008726035938082579,"4,145330407"
1673625536962-3029069623219962180,"1,360407335"
1673537581631-1045055346906437675,"46,50649626"
1673870232490-6633080454594129080,"3,390509984"
1673870232490-6633080454594129080,"3,390509984"
1673801308584-3880392720109473320,"4,032752685"
1673801308584-3880392720109473320,"4,032230176"
1673801308584-3880392720109473320,"4,032230176"
1673801308584-3880392720109473320,"4,032230176"
1673870232490-6633080454594129080,"3,390509984"
1673870232490-6633080454594129080,"3,390509984"
1673870232490-6633080454594129080,"3,390509984"
1673870232490-6633080454594129080,"1,663269049"
1673715298022-255122404746753934,"6,004887133"
1673816536165-4354865589246649674,"10,82"
1673852136139-6827594803584089728,"12,10810294"
1673852136139-6827594803584089728,"3,561627706"
1673681577899-7871849731513935048,"3,352439239"
1673827314621-4634306913227292481,"8,195618442"
1673666655501-2145638201397573351,"13,21662934"
1673781153081-2016458875804937136,"3,350674829"
1673666655501-2145638201397573351,"13,15407416"
1673818368646-7482283760190329185,"6,916688726"
1673818368646-7482283760190329185,"3,350969502"
1673818368646-7482283760190329185,"6,915264733"
1673818368646-7482283760190329185,"3,352945858"
1673818368646-7482283760190329185,"2,07543037"
1673816611908-4299411906708605908,"1,17735045"
1673645028619-3010374729274518850,"6,482824304"
1673603062264-736012863630460207,"3,059742503"
1673816611908-4299411906708605908,"3,056623609"
1673816611908-4299411906708605908,"3,056623609"
1673842062078-2447374527198539399,"2,795899348"
1673869867430-2500613555991784936,"2,251413767"
1673869867430-2500613555991784936,"7,506287856"
1673869867430-2500613555991784936,"3,859566458"
1673670959707-4461760122653175614,"2,99"
1673670959707-4461760122653175614,"9,99"
1673645028619-3010374729274518850,"3,875508728"
1673794702855-4085936612867003776,"1,173749858"
1673870088909-3129575211428562360,"6,762688213"
1673537581631-1045055346906437675,"2,446496449"
1673537581631-1045055346906437675,"1,359043866"
1673794702855-4085936612867003776,"5,876587355"
1673901709799-1049852273629746432,"6,211115817"
1673802194553-6565942948752103578,"13,5967135"
1673789034121-1837074433739723606,"3,058724369"
1673922225341-1149308068658757168,"58,94847771"
1673736242802-6016067639683359509,"2,591375815"
1673783246156-1492949259528038860,"1,939211834"
1673783246156-1492949259528038860,"6,700566278"
1673794702855-4085936612867003776,"1,162520118"
1673876045657-5054370085940805028,"3,245051297"
1673876045657-5054370085940805028,"5,4051712"
1673783246156-1492949259528038860,"4,042529537"
1673794702855-4085936612867003776,"3,025657537"
1673783246156-1492949259528038860,"1,939211834"
1673846692205-4737235881587839907,"7,455373466"
1673818788542-5181691455591675509,"1,163536288"
1673899211041-8523904247547224916,"1,176714472"
1673673308372-1271430692906443497,"3,028383471"
1673915183247-6693626081930510753,"1,163602513"
1673617701230-1254440650165122365,"2,689711045"
1673617701230-1254440650165122365,"12,95166082"
1673812707841-4135655332639279106,"12,62685571"
1673775202006-5323420304334114571,"3,628336217"
1673630051022-6068238944137604885,"6,059699975"
1673630051022-6068238944137604885,"6,059699975"
1673606540036-6494864443960941150,"6,489074738"
1673630051022-6068238944137604885,"2,34308399"
1673642526831-5034466107751101323,"2,99"
1673606540036-6494864443960941150,"6,489074738"
1673645610519-1804284928918951134,"4,035901758"
1673625536962-3029069623219962180,"2,448859079"
1673625536962-3029069623219962180,"2,448859079"
1673625536962-3029069623219962180,"2,448859079"
1673625536962-3029069623219962180,"2,448859079"
1673606540036-6494864443960941150,"6,487036756"
1673617556588-4235047973511991229,"1,176136331"
1673617556588-4235047973511991229,"5,882117578"
1673537581631-1045055346906437675,"0,9249552183"
1673537581631-1045055346906437675,"2,122308252"
1673531851054-7900524729369350448,"5,837741874"
1673547994070-2137364852673358500,"13,56377018"
1673568860431-8605075132062658538,"5,556204591"
1673568860431-8605075132062658538,"5,556204591"
1673568860431-8605075132062658538,"11,11936313"
1673898153316-8282222921634280811,"6,467704667"
1673673308372-1271430692906443497,"3,005648267"
1673922844366-4841514595750605328,"1,154853963"
1673721827047-109964056652353602,"3,005648267"
1673643655212-7236353410845319507,"14,30303884"
1673666655501-2145638201397573351,"1,945054415"
1673666655501-2145638201397573351,"6,720754171"
1673922225341-1149308068658757168,"2,920376596"
1673835883574-2915187232450039280,"7,521277156"
1673666655501-2145638201397573351,"3,35922105"
1673811806230-8384032497088260517,"6,483736537"
1673634175137-4655064172059089115,"3,874731106"
1673719633366-536956342564143077,"6,500482924"
1673855814492-3187450999743010928,"1,762606854"
1673944361714-8950169598736757741,"1,174417693"
1673719633366-536956342564143077,"12,9797023"
1674019361325-2933131829607587887,"2,453537799"
1673673308372-1271430692906443497,"3,056323394"
1674019361325-2933131829607587887,"4,171011138"
1673922225341-1149308068658757168,"1,787286436"
1673922225341-1149308068658757168,"1,787286436"
1673922225341-1149308068658757168,"1,787286436"
1673922225341-1149308068658757168,"1,787286436"
1673922225341-1149308068658757168,"1,78276659"
1673679564165-2961961023852565800,"1,194921583"
1673679564165-2961961023852565800,"2,995839112"
1673679564165-2961961023852565800,"2,995839112"
1673914615818-4931746593650898613,"3,056270068"
1673870232490-6633080454594129080,"1,080233839"
1673852136139-6827594803584089728,"12,12086913"
1673537581631-1045055346906437675,"2,120260674"
1673639492435-5392036072612301587,"2,251225752"
1673617701230-1254440650165122365,"3,98239114"
1673617701230-1254440650165122365,"12,94007311"
1673775202006-5323420304334114571,"1,398473584"
1673972344482-7061222079866133434,"2,962200861"
1673672562181-8569610003071305623,"5,894603931"
1673670959707-4461760122653175614,"4,99"
1673739961003-283241321366895883,"4,154765169"
1673676548090-4709492306971194574,"6,059673806"
1673639496505-4665998075178893101,"3,064250593"
1673606540036-6494864443960941150,"13,00645441"
1673645028619-3010374729274518850,"2,592612681"
1673645028619-3010374729274518850,"6,49780333"
1673723649894-529493145426387082,"26,02375658"
1673625536962-3029069623219962180,"2,12963052"
1673625536962-3029069623219962180,"8,874325203"
1673713741640-6899906206188433427,"1,177348368"
1673705022816-5647480489972838171,"6,770058674"
1673537581631-1045055346906437675,"4,368759929"
1673537581631-1045055346906437675,"2,12963052"
1673597807891-7230893337204695517,"2,12963052"
1673639496505-4665998075178893101,"3,06197384"
1673537581631-1045055346906437675,"1,365049746"
1673597807891-7230893337204695517,"0,9281464465"
1673597807891-7230893337204695517,"2,12963052"
1673634175137-4655064172059089115,"6,24789494"
1673634175137-4655064172059089115,"12,97639718"
1673705022816-5647480489972838171,"13,54056872"
1673537581631-1045055346906437675,"46,42070249"
1673645028619-3010374729274518850,"2,592612681"
1673623313430-3835374510573251351,"2,911044436"
1673623313430-3835374510573251351,"1,190881815"
1673630051022-6068238944137604885,"2,343073872"
1673623313430-3835374510573251351,"2,911044436"
1673611976096-6719042380256102531,"5,88488775"
1673623313430-3835374510573251351,"1,190881815"
1673623313430-3835374510573251351,"1,173555874"
1673634175137-4655064172059089115,"12,97627245"
1673670959707-4461760122653175614,"4,99"
1673670959707-4461760122653175614,"4,99"
1673670959707-4461760122653175614,"4,99"
1673670959707-4461760122653175614,"4,99"
1673670959707-4461760122653175614,"9,99"
1673676548090-4709492306971194574,"2,343073872"
1673531851054-7900524729369350448,"5,829368859"
1673676548090-4709492306971194574,"6,059673806"
1673676548090-4709492306971194574,"3,555008633"
1673623313430-3835374510573251351,"1,173555874"
1673611976096-6719042380256102531,"5,884960502"
1673611976096-6719042380256102531,"5,884960502"
1673705994721-3315223787551771064,"2,994880546"
1673739961003-283241321366895883,"1,613026477"
1673739961003-283241321366895883,"1,613026477"
1673739961003-283241321366895883,"1,613026477"
1673566263993-3721715701176109858,"13,54225211"
1673818368646-7482283760190329185,"3,353073473"
1673816536165-4354865589246649674,"5,4"
1673785330406-8068095059099793143,"3,064251798"
1673814641274-8786726912473798522,"3,894342897"
1673715298022-255122404746753934,"2,816892392"
1673768667426-8590678360577139640,"13,00645441"
1673670959707-4461760122653175614,"1,99"
1673670959707-4461760122653175614,"4,99"
1673801308584-3880392720109473320,"4,037908783"
1673537581631-1045055346906437675,"2,457307994"
1673785330406-8068095059099793143,"3,0642524"
1673537581631-1045055346906437675,"1,365049746"
1673537581631-1045055346906437675,"1,365049746"
1673785330406-8068095059099793143,"3,064253002"
1673768667426-8590678360577139640,"2,592609869"
1673746278521-8406437929878974693,"6,770059285"
1673801308584-3880392720109473320,"4,037908783"
1673721827047-109964056652353602,"3,064253002"
1673794702855-4085936612867003776,"3,064250593"
1673781153081-2016458875804937136,"3,342530482"
1673794702855-4085936612867003776,"3,064250593"
1673795203554-5392071183220901338,"1,96576731"
1673795203554-5392071183220901338,"0,7725441798"
1673581911443-6642630522119411726,"3,064250593"
1673741223311-6552820004153785357,"0,9281464465"
1673776988993-4746767823999339142,"2,093632471"
1673787236409-8334075249800571069,"1,767005313"
1673537581631-1045055346906437675,"1,365049746"
1673783246156-1492949259528038860,"6,687367749"
1673781153081-2016458875804937136,"3,342530482"
1673676548090-4709492306971194574,"12,11934761"
1673634175137-4655064172059089115,"6,24789494"
1673776988993-4746767823999339142,"2,093632471"
1673712054508-8838725059137124354,"1,400558604"
1673772055036-1074424401435396659,"12,11934761"
1673640818689-2006774909778003336,"4,368759929"
1673768667426-8590678360577139640,"6,49780333"
1673623313430-3835374510573251351,"1,190881815"
1673741223311-6552820004153785357,"4,368759929"
1673744139137-852607876055348962,"1,177348368"
1673739961003-283241321366895883,"4,154765169"
1673639492435-5392036072612301587,"1,491972336"
1673639492435-5392036072612301587,"2,237958504"
1673639492435-5392036072612301587,"7,459861681"
1673812707841-4135655332639279106,"12,67503976"
1673705994721-3315223787551771064,"2,994880546"
1674169604808-7447048291659030997,"1,99"
1674169604808-7447048291659030997,"9,99"
1674153879144-4911203523760981457,"12,98420021"
1673772013393-4467137317706923361,"3,792317923"
1673731831705-7773179850929462092,"1,736694007"
1673731831705-7773179850929462092,"3,014420881"
1673652258929-7505970053915198503,"1,721200054"
1673670959707-4461760122653175614,"4,99"
1673670959707-4461760122653175614,"9,99"
1673670959707-4461760122653175614,"4,99"
1673670959707-4461760122653175614,"99,99"
1673910594186-3680214415438600643,"5,746420559"
1673681577899-7871849731513935048,"3,35097788"
1673719633366-536956342564143077,"2,588092608"
1673731453520-2749266061736593803,"2,116848978"
1673727532917-3437638858179968162,"10,77"
1674171806527-118612567848284690,"4,918959456"
1673617701230-1254440650165122365,"12,93670831"
1673617701230-1254440650165122365,"2,691397257"
1673617701230-1254440650165122365,"2,686605813"
1673617701230-1254440650165122365,"2,686605813"
1673617701230-1254440650165122365,"6,475535664"
1673617701230-1254440650165122365,"2,69183369"
1673617701230-1254440650165122365,"2,691513625"
1673603062264-736012863630460207,"1,733213853"
1674413760226-5967902830288622555,"1,619038202"
1674413760226-5967902830288622555,"1,619038202"
1674349696315-6675622780619070658,"6,515479976"
1674340683057-8273698982669744959,"13,04182303"
1674340683057-8273698982669744959,"6,515472888"
1674366864235-3442960014772016519,"8,217873872"
1674349696315-6675622780619070658,"3,904932833"
1674291933480-7109280633634493580,"2,27512698"
1674291933480-7109280633634493580,"5,7178685"
1674396809009-4828755654301387265,"6,515472888"
1674401486999-8590388788264160800,"2,599662805"
1673922225341-1149308068658757168,"3,584871841"
1673922225341-1149308068658757168,"3,584871841"
1673816536165-4354865589246649674,"5,42"
1674403120421-623035848226963261,"52,08899279"
1674340683057-8273698982669744959,"6,515472888"
1674340683057-8273698982669744959,"3,904932833"
1674340683057-8273698982669744959,"6,515472888"
1674393103162-8560394561479250459,"1,947412017"
1674388187536-2768882517962716821,"46,27285351"
1673876045657-5054370085940805028,"2,164572796"
1674388187536-2768882517962716821,"2,122847691"
1674389231512-6294336166766042088,"23,5575014"
1674340683057-8273698982669744959,"13,04182303"
1673911427346-3515849166753221586,"2,993584244"
1673922225341-1149308068658757168,"3,584871841"
1673922225341-1149308068658757168,"3,584871841"
1674340683057-8273698982669744959,"6,515472888"
1674340683057-8273698982669744959,"6,515472888"
1674373809525-8051789196529307679,"1,211890296"
1674373809525-8051789196529307679,"1,211890296"
1673922225341-1149308068658757168,"59,41593144"
1674367013487-7724740905959149718,"3,574241592"
1674367076399-4573493252388746320,"6,09245726"
1673783246156-1492949259528038860,"4,081200251"
1674347938299-147484464829098174,"6,515472888"
1674139926581-7708476542017682374,"2,993588268"
1674399372805-3730427916179682557,"2,065194944"
1674399372805-3730427916179682557,"20,65194944"
1674399372805-3730427916179682557,"20,65194944"
1674139926581-7708476542017682374,"2,993588268"
1673808468887-1799280547688588764,"7,146364498"
1674235227217-804569607673112648,"2,620369589"
1673835883574-2915187232450039280,"3,799612851"
1673712054508-8838725059137124354,"1,404992813"
1673816536165-4354865589246649674,"2,15"
1673816536165-4354865589246649674,"10,78"
1673922225341-1149308068658757168,"2,915616106"
1674201524633-8808509339871255450,"3,096127989"
1673789020843-7629133686459433812,"4,358951585"
1673789020843-7629133686459433812,"2,124849266"
1673789020843-7629133686459433812,"2,124849266"
1673742042762-8815148056633322112,"25,673344"
1673939851003-2423766279817013743,"3,012853812"
1673939851003-2423766279817013743,"1,157474726"
1673975678212-4308238852693372162,"2,955756043"
1674155436952-90377651403891475,"7,370030823"
1673816010981-8727078389580917287,"12,98574709"
1674252263048-7028793785199138548,"1,482996649"
1674252263048-7028793785199138548,"2,224599366"
1674252263048-7028793785199138548,"15,09478732"
1674252263048-7028793785199138548,"2,224599366"
1673705994721-3315223787551771064,"2,993603412"
1674475518820-8505362675395722200,"15,145923"
1674444643613-1361820431151525397,"4,99"
1674501019454-1574645530574894983,"2,993603412"
1674494728715-542030404889725662,"1,402014445"
1674340683057-8273698982669744959,"13,02557206"
1674340683057-8273698982669744959,"6,508435976"
1674340683057-8273698982669744959,"26,06634041"
1674340683057-8273698982669744959,"6,508435976"
1674391335386-4168247061511941295,"1,935182591"
1674391335386-4168247061511941295,"9,705799944"
1674353022104-6179460686831546964,"1,486224425"
1674482544391-2099448808363821516,"2,356841389"
1674391335386-4168247061511941295,"4,859199273"
1674293111031-169687758593271858,"6,365241473"
1673928754812-8761565196423213420,"1,483639903"
1674155436952-90377651403891475,"1,484045189"
1673939851003-2423766279817013743,"5,758669688"
1673939851003-2423766279817013743,"2,993644602"
1674252263048-7028793785199138548,"1,482996649"
1674252263048-7028793785199138548,"2,224599366"
1674252263048-7028793785199138548,"15,09478732"
1674252263048-7028793785199138548,"2,224599366"
1674327961011-9017921583641272249,"19,99"
1673794702855-4085936612867003776,"1,150196897"
1674327961011-9017921583641272249,"4,99"
1673742042762-8815148056633322112,"6,313435457"
1674158511044-7824997488737487999,"2,599662805"
1673903917915-5285392274784881068,"5,41"
1674314687498-6032297752192896782,"6,822053075"
1673903917915-5285392274784881068,"5,41"
1673835883574-2915187232450039280,"3,814609148"
1673922225341-1149308068658757168,"5,934954492"
1673783246156-1492949259528038860,"4,081200251"
1673869867430-2500613555991784936,"1,483459113"
1673922225341-1149308068658757168,"59,36981758"
1673922225341-1149308068658757168,"59,36981758"
1673922225341-1149308068658757168,"59,36981758"
1673922844366-4841514595750605328,"2,993526762"
1673842062078-2447374527198539399,"2,839576817"
1673939851003-2423766279817013743,"5,758554689"
1674270270775-2041717319000291200,"10,54977377"
1673821671183-7366848845935495677,"1,619028169"
1673821671183-7366848845935495677,"4,170224072"
1673742042762-8815148056633322112,"2,525521365"
1674268205559-118351742768180782,"3,565510241"
1674391335386-4168247061511941295,"48,60700797"
1674353022104-6179460686831546964,"1,489845189"
1674353022104-6179460686831546964,"1,489845189"
1674590038897-6945837356630163322,"6,083659843"
1674153879144-4911203523760981457,"26,11042785"
1674396809009-4828755654301387265,"13,04977198"
1674583627477-6655642402630197592,"3,394981036"
1674565061244-7643950636576331200,"6,083564978"
1674565061244-7643950636576331200,"12,15293727"
1674391335386-4168247061511941295,"19,44078751"
1674577702237-67969475996899223,"3,563936194"
1674340683057-8273698982669744959,"6,494703401"
1674351646870-3778702076808186725,"2,90718162"
1674561960597-8518661322906684082,"12,1390676"
1674561960597-8518661322906684082,"2,346886402"
1674490202109-1847997242774128348,"22,70635861"
1674544402311-3200275449724697414,"6,070711119"
1674482544391-2099448808363821516,"6,070711119"
1674561960597-8518661322906684082,"6,070711119"
1674362030610-8246606684388427176,"3,682129971"
1674153879144-4911203523760981457,"2,596420633"
1674470218554-28437322082495842,"3,65747536"
1674414473762-2120316024552816398,"2,599097385"
1674176761403-3862752227249113783,"1,15015626"
1674490202109-1847997242774128348,"11,36014621"
1674486581643-459103656514729975,"13,03742688"
1674621099400-2208155677091661118,"2,609745817"
1675124232754-6946767737712106934,"0,7575934868"
1675124232754-6946767737712106934,"0,7575934868"
1675124232754-6946767737712106934,"3,789297129"
1675020394829-8811701264168118422,"5,953919123"
1674604606385-4524850387777685638,"3,047601622"
1675119159301-7350863178719072900,"1,75702512"
1675119159301-7350863178719072900,"3,046943451"
1675098880177-1485112726012337686,"3,046943451"
1675098880177-1485112726012337686,"5,861310717"
1674898526592-5637181093880508215,"13,00419735"
1675102921216-1296873251742229205,"7,46006282"
1675002300878-356751315061312057,"6,496675741"
1675007945861-4900439313091368316,"5,855588573"
1674898526592-5637181093880508215,"6,496887134"
1675109455713-601043545554384936,"2,450206609"
1675109455713-601043545554384936,"2,450206609"
1675109455713-601043545554384936,"2,450206609"
1675109455713-601043545554384936,"2,450206609"
1675109455713-601043545554384936,"2,450206609"
1675109455713-601043545554384936,"2,450206609"
1675109455713-601043545554384936,"2,450206609"
1675109455713-601043545554384936,"2,450206609"
1675109455713-601043545554384936,"4,356134631"
1674849553958-6843982510361998898,"5,42"
1675108180340-7608049581783943013,"4,209221342"
1675019658760-4718236987184632423,"6,501964701"
1675108154165-8415767335708810838,"6,501964701"
1675108154165-8415767335708810838,"6,501964701"
1674898526592-5637181093880508215,"13,0147841"
1674680808890-3614089488215839838,"13,0147841"
1675098880177-1485112726012337686,"3,038512513"
1675098880177-1485112726012337686,"3,048613555"
1674898526592-5637181093880508215,"43,01875504"
1674761088469-5572492623777194094,"13,01875504"
1674827120260-334965269442537877,"2,598385305"
1674827120260-334965269442537877,"6,512271119"
1674714335596-6606438486295648096,"6,939501122"
1674660292869-7849070555356402705,"13,0584417"
1674848990542-8879615924258934575,"5,888124072"
1675027486384-5691316595232137426,"3,3486483"
1674827120260-334965269442537877,"2,602975451"
1674827120260-334965269442537877,"2,602975451"
1675040719059-3083106495575201648,"1,174555865"
1675085412390-7467295295365330426,"1,340721992"
1674680808890-3614089488215839838,"13,08169348"
1674954993954-4994767993940475162,"1,381682474"
1675074112784-2348770293921433860,"6,497792298"
1675074112784-2348770293921433860,"25,99730356"
1674801664670-4174751118809999049,"13,07111164"
1674680808890-3614089488215839838,"13,07111164"
1674687564501-6402273028980797343,"5,225483252"
1674937441095-4654683264900996224,"13,04652026"
1674803455972-5830885963274628299,"2,121121274"
1675050545670-8565032717894083526,"3,834210853"
1674986463583-1672619139962699922,"12,21403856"
1674847672133-254806351672314990,"1,636884033"
1674847672133-254806351672314990,"1,636884477"
1674648424517-7231557803974844770,"1,193902569"
1674648424517-7231557803974844770,"1,790853854"
1674648424517-7231557803974844770,"5,969512845"
1675007486564-5236790606619698874,"2,359670822"
1674936988612-6672827507727182862,"6,139522725"
1675007486564-5236790606619698874,"3,578792439"
1674648189824-5933988179085495390,"3,051238296"
1674898526592-5637181093880508215,"38,03884466"
1675019550608-2819166275301267122,"4,99"
1674516895056-5507281589872545934,"9,99"
1674516895056-5507281589872545934,"9,99"
1674252263048-7028793785199138548,"7,450839098"
1674252263048-7028793785199138548,"15,16777959"
1674516895056-5507281589872545934,"4,99"
1674516895056-5507281589872545934,"4,99"
1674399372805-3730427916179682557,"10,42639616"
1674399372805-3730427916179682557,"5,21319808"
1674399372805-3730427916179682557,"5,21319808"
1674399372805-3730427916179682557,"5,21319808"
1674601492052-6773470349855507626,"7,455452076"
1674796225020-7306069584805652841,"3,834232496"
1674347180323-2443982255184237115,"2,739906966"
1674680808890-3614089488215839838,"2,597769614"
1674764427279-4223009726752489740,"1,99"
1674847337290-4891339488407380663,"13,02751097"
1674852974462-1350819968941372534,"6,50832283"
1674571289374-6536969728615733559,"2,978163966"
1674847337290-4891339488407380663,"6,50832283"
1674847337290-4891339488407380663,"6,50832283"
1674813902686-6411402184811789644,"12,32776552"
1674391335386-4168247061511941295,"19,53467047"
1674850265473-2431047325019494055,"1,173312565"
1674813902686-6411402184811789644,"1,76094824"
1674813902686-6411402184811789644,"3,053746726"
1674751246564-2725144416957359886,"6,09050471"
1674804954213-2648060072000387133,"5,43"
1674414473762-2120316024552816398,"6,503044706"
1674827120260-334965269442537877,"2,594703981"
1674827120260-334965269442537877,"2,594703981"
1674565061244-7643950636576331200,"6,086376437"
1674730428481-5173000769252660591,"2,121930958"
1674829398106-7344239859384402567,"2,121930958"
1674829398106-7344239859384402567,"1,360114484"
1674829398106-7344239859384402567,"2,121930958"
1674827120260-334965269442537877,"6,506343413"
1674482544391-2099448808363821516,"12,15401539"
1674565061244-7643950636576331200,"12,15401539"
1674825176330-7222887378730406172,"5,675562406"
1674501073791-4370642007824093625,"1,492114574"
1674501073791-4370642007824093625,"1,492114574"
1674501073791-4370642007824093625,"7,460572871"
1674634050849-3816817757639854035,"3,347518258"
1674634050849-3816817757639854035,"6,90888641"
1674813902686-6411402184811789644,"1,182321938"
1674801664670-4174751118809999049,"6,522567649"
1674801664670-4174751118809999049,"13,04926069"
1674813902686-6411402184811789644,"3,077195161"
1674813902686-6411402184811789644,"5,919216413"
1674813902686-6411402184811789644,"3,077014171"
1674813902686-6411402184811789644,"5,919216413"
1674813902686-6411402184811789644,"3,077014171"
1674813902686-6411402184811789644,"5,919156831"
1674813902686-6411402184811789644,"3,077014171"
1674813902686-6411402184811789644,"1,774365452"
1674813902686-6411402184811789644,"3,077014171"
1674660292869-7849070555356402705,"13,03289202"
1674730428481-5173000769252660591,"2,119426115"
1674730428481-5173000769252660591,"2,119426115"
1674787738571-7597632517544632652,"2,232170142"
1674648424517-7231557803974844770,"1,194029851"
1674648424517-7231557803974844770,"5,970149254"
1674787738571-7597632517544632652,"3,826577387"
1674709713754-3238759763492470978,"3,827792303"
1674687564501-6402273028980797343,"10,47285736"
1674753411980-4645565177754640844,"3,651867585"
1674709713754-3238759763492470978,"3,830041891"
1674614313253-2395836539293980080,"19,99"
1674614313253-2395836539293980080,"4,99"
1674392663906-5261118996046611400,"10,91"
1674889579522-5183525479990677785,"2,59853221"
1674889579522-5183525479990677785,"6,512639304"
1674516895056-5507281589872545934,"4,99"
1674790490080-8945860945776887635,"1,489439739"
1674790490080-8945860945776887635,"3,829987901"
1674516895056-5507281589872545934,"9,99"
1674516895056-5507281589872545934,"9,99"
1674516895056-5507281589872545934,"9,99"
1674516895056-5507281589872545934,"4,99"
1674999838753-3878315371663854334,"12,19462543"
1674922332995-3866517416419646019,"12,19462298"
1674676310616-3639255522003146872,"1,125849643"
1674939077787-5656430764492590875,"3,05135714"
1674939077787-5656430764492590875,"3,05135714"
1674937441095-4654683264900996224,"6,512639304"
1674860657847-130018665586873662,"4,351924247"
1674769805091-4896575581332021499,"3,051357737"
1674769805091-4896575581332021499,"1,172394666"
1675019550608-2819166275301267122,"2,99"
1674761841029-8774419703011283196,"6,512639304"
1674680808890-3614089488215839838,"2,59853221"
1674680808890-3614089488215839838,"13,03615113"
1674680808890-3614089488215839838,"6,512639304"
1675018223396-6759802326373429302,"3,051360126"
1674848990542-8879615924258934575,"1,172395584"
1674946137227-2120764929541851527,"4,233885166"
1674827120260-334965269442537877,"2,59853221"
1674847672133-254806351672314990,"4,233885166"
1674414473762-2120316024552816398,"13,03615113"
1675003604835-4725314230962467964,"1,172395584"
1674847672133-254806351672314990,"1,643743653"
1674847672133-254806351672314990,"1,643743653"
1675007945861-4900439313091368316,"1,172395584"
1675007945861-4900439313091368316,"12,32873066"
1675007945861-4900439313091368316,"12,32873066"
1674784095266-1247182237536660770,"1,643743653"
1674493884534-775772686989619850,"1,99"
1674986463583-1672619139962699922,"23,57627003"
1674660292869-7849070555356402705,"26,08317478"
1674986463583-1672619139962699922,"6,097311214"
1674565061244-7643950636576331200,"12,19462243"
1674676310616-3639255522003146872,"2,913963781"
1674898526592-5637181093880508215,"6,512639304"
1674827120260-334965269442537877,"3,903234575"
1674406393425-5856906255707988643,"2,59853221"
1674406393425-5856906255707988643,"2,59853221"
1674824697217-7089537837579803606,"6,512639304"
1674827120260-334965269442537877,"2,59853221"
1674884809250-403541848464658352,"1,411268743"
1674628303457-9222218989058997388,"1,803269929"
1674801664670-4174751118809999049,"13,03615113"
1674366864235-3442960014772016519,"8,343244298"
1674850265473-2431047325019494055,"3,051355945"
1674957803818-3885048373520574647,"1,172393978"
1674595735271-7517397985987051115,"1,159458912"
1674645261755-2815964662907757777,"8,339039487"
1674672489730-3705397310876853156,"5,44"
1674403970142-1209679497988222428,"13,06925944"
1674340683057-8273698982669744959,"13,06826232"
1674340683057-8273698982669744959,"26,14742395"
1674413760226-5967902830288622555,"1,643527855"
1674413760226-5967902830288622555,"4,233329324"
1674413760226-5967902830288622555,"4,226737821"
1674613475236-7748125218550053497,"8,328671763"
1674584350799-8437241799373670054,"6,329946001"
1674391335386-4168247061511941295,"4,85536765"
1674153879144-4911203523760981457,"13,02850189"
1674596481782-6395513657260827901,"4,013792653"
1674613475236-7748125218550053497,"41,92402565"
1674340683057-8273698982669744959,"6,526831926"
1674340683057-8273698982669744959,"13,06456007"
1674340683057-8273698982669744959,"6,526831926"
1674486581643-459103656514729975,"6,525758224"
1674516895056-5507281589872545934,"4,99"
1675203210460-126689856568953077,"8,415393045"
1675203210460-126689856568953077,"4,270498698"
1675203210460-126689856568953077,"16,95638897"
1675176500273-4444719992294364996,"5,878199934"
1674516895056-5507281589872545934,"1,99"
1674516895056-5507281589872545934,"4,99"
1674516895056-5507281589872545934,"4,99"
1674516895056-5507281589872545934,"4,99"
1674516895056-5507281589872545934,"9,99"
1674516895056-5507281589872545934,"4,99"
1674516895056-5507281589872545934,"4,99"
1674889579522-5183525479990677785,"2,59853221"
1674889579522-5183525479990677785,"6,512639304"
1674516895056-5507281589872545934,"1,99"
1674391335386-4168247061511941295,"48,7236196"
1674930950023-601114719677374491,"4,351924247"
1674946137227-2120764929541851527,"4,233885166"
1674898332113-6091976971180822544,"1,99"
1674898526592-5637181093880508215,"65,22424572"
1674860657847-130018665586873662,"4,351924247"
1674749306957-6127189094332900159,"4,233885166"
1674749306957-6127189094332900159,"4,233885166"
1674749306957-6127189094332900159,"4,233885166"
1674930950023-601114719677374491,"2,121423664"
1674351646870-3778702076808186725,"2,913963781"
1674650020946-3905089586366115411,"6,512639304"
1674494825066-1821549667516159313,"2,913963781"
1674892211411-3775069943401891713,"13,03615113"
1674922332995-3866517416419646019,"2,357627003"
1674827120260-334965269442537877,"6,512639304"
1674827120260-334965269442537877,"2,59853221"
1674827120260-334965269442537877,"2,59853221"
1674898332113-6091976971180822544,"9,99"
1674922332995-3866517416419646019,"3,577089245"
1674565061244-7643950636576331200,"3,577089245"
1674922332995-3866517416419646019,"3,577089245"
1674406393425-5856906255707988643,"26,08317478"
1674628303457-9222218989058997388,"2,938662107"
1674898526592-5637181093880508215,"26,5126393"
1674565061244-7643950636576331200,"6,097311214"
1674490202109-1847997242774128348,"22,82444515"
1674827120260-334965269442537877,"2,59853221"
1674803455972-5830885963274628299,"1,359789319"
1674492187574-3566686495192723287,"1,491074534"
1674803455972-5830885963274628299,"2,121423664"
1674803455972-5830885963274628299,"2,121423664"
1674803455972-5830885963274628299,"0,9245696929"
1674827120260-334965269442537877,"6,512639304"
1674827120260-334965269442537877,"2,59853221"
1674898526592-5637181093880508215,"26,5126393"
1674898332113-6091976971180822544,"1,99"
1674898526592-5637181093880508215,"2,59853221"
1674898526592-5637181093880508215,"6,512639304"
1674898526592-5637181093880508215,"13,03615113"
1674898526592-5637181093880508215,"2,59853221"
1674393455748-6983287166890626733,"2,063116753"
1674897013364-7056946044400739182,"13,03615113"
1674892211411-3775069943401891713,"13,03615113"
1674892211411-3775069943401891713,"6,512639304"
1674401187165-9117840579806039967,"3,122988485"
1674892211411-3775069943401891713,"13,03615113"
1674861067805-2440495202854666254,"25,01470252"
1674660292869-7849070555356402705,"26,08317478"
1674604606385-4524850387777685638,"3,051296224"
1674660292869-7849070555356402705,"13,03615113"
1674803455972-5830885963274628299,"2,121930958"
1674888698012-7266646074587870710,"8,842240569"
1674648424517-7231557803974844770,"1,193139448"
1674801664670-4174751118809999049,"6,512639304"
1674801664670-4174751118809999049,"6,512639304"
1674648424517-7231557803974844770,"5,965697241"
1674848990542-8879615924258934575,"5,869684012"
1674715728790-7809984652818246374,"19,99"
1674872005947-9126131042103717925,"6,512639304"
1674648424517-7231557803974844770,"2,991371045"
1674648424517-7231557803974844770,"5,965697241"
1674871168481-26252934452376392,"3,123286346"
1674413760226-5967902830288622555,"4,216215486"
1674413760226-5967902830288622555,"1,636883659"
1674813902686-6411402184811789644,"1,759535154"
1674813902686-6411402184811789644,"1,759535154"
1674860425117-1492175520775882019,"13,03615113"
1675203210460-126689856568953077,"8,415393045"
1675203210460-126689856568953077,"4,270498698"
1675203210460-126689856568953077,"16,95638897"
1674868639034-7948926705493230114,"2,927906946"
1675176500273-4444719992294364996,"5,878199934"
1675104424563-4546903881435940115,"4,99"
1675040101866-1646989841272123254,"1,170032268"
1675119159301-7350863178719072900,"3,07270828"
1675098880177-1485112726012337686,"5,911105566"
1675128406174-7387804525397584572,"3,072828802"
1674634050849-3816817757639854035,"4,145244609"
1674634050849-3816817757639854035,"4,145244609"
1674634050849-3816817757639854035,"4,145244609"
1674656156014-7242707091247864622,"13,02581262"
1675025832427-1517463830979540087,"2,598447455"
1675098880177-1485112726012337686,"3,633185425"
1675098880177-1485112726012337686,"3,63926159"
1674848990542-8879615924258934575,"3,63926159"
1674848990542-8879615924258934575,"3,63926159"
1674848990542-8879615924258934575,"3,633185425"
1674848990542-8879615924258934575,"3,63926159"
1675025832427-1517463830979540087,"6,508252116"
1674848990542-8879615924258934575,"3,633185425"
1674848990542-8879615924258934575,"3,633185425"
1674848990542-8879615924258934575,"3,63926159"
1675025832427-1517463830979540087,"6,512426885"
1674848990542-8879615924258934575,"3,63926159"
1674848990542-8879615924258934575,"3,63926159"
1675103609619-7742689268137113982,"6,508252116"
1675153967789-1718076266540800409,"1,99"
1674850265473-2431047325019494055,"1,176032882"
1674634050849-3816817757639854035,"4,145589444"
1675098880177-1485112726012337686,"1,765030986"
1674634050849-3816817757639854035,"6,908561083"
1674796225020-7306069584805652841,"2,234035423"
1675183925807-9079544887759391810,"2,16"
1674660292869-7849070555356402705,"3,897683104"
1674660292869-7849070555356402705,"13,02100302"
1675138237718-2608148549146998162,"4,99"
1675114010936-7980282461773874171,"2,16"
1675114010936-7980282461773874171,"5,42"
1675138237718-2608148549146998162,"49,99"
1675003006604-1079182027353953659,"5,323874229"
1675138237718-2608148549146998162,"2,99"
1675138237718-2608148549146998162,"4,99"
1675096628535-154551034427610234,"3,58268144"
1675098880177-1485112726012337686,"3,624138606"
1675098880177-1485112726012337686,"3,637543303"
1675138237718-2608148549146998162,"1,99"
1675098880177-1485112726012337686,"5,878199934"
1675138237718-2608148549146998162,"9,99"
1674669350356-804462191026024224,"1,197780114"
1674676310616-3639255522003146872,"2,855480251"
1674769805091-4896575581332021499,"3,05572314"
1675098880177-1485112726012337686,"5,878199934"
1674687564501-6402273028980797343,"5,213324245"
1675138237718-2608148549146998162,"9,99"
1675138237718-2608148549146998162,"4,99"
1675138237718-2608148549146998162,"1,99"
1675096628535-154551034427610234,"6,926517451"
1675096628535-154551034427610234,"2,05878127"
1675169543365-1478082372649530598,"2,298707225"
1674956758161-1236452385091997338,"1,171019706"
1674956758161-1236452385091997338,"3,047779168"
1674565061244-7643950636576331200,"12,13297596"
1675119159301-7350863178719072900,"5,861199601"
1675163856188-923314679164038043,"6,483104964"
1675055160872-1149053871800828357,"2,582103323"
1674634050849-3816817757639854035,"6,909803804"
1675144815243-5437949009930014487,"6,091642559"
1674801664670-4174751118809999049,"6,489988732"
1674648424517-7231557803974844770,"3,582471479"
1675109455713-601043545554384936,"2,440384676"
1675093581954-1021566614320197075,"3,046943451"
1674648424517-7231557803974844770,"1,19415716"
1674648424517-7231557803974844770,"1,19415716"
1674648424517-7231557803974844770,"1,791044776"
1674848990542-8879615924258934575,"3,046943451"
1674648424517-7231557803974844770,"3,582471479"
1674687564501-6402273028980797343,"5,223375904"
1674753411980-4645565177754640844,"6,86341861"
1675003604835-4725314230962467964,"1,170677328"
1675128985218-8523933873503887630,"1,170605262"
1674680808890-3614089488215839838,"13,01393653"
1674680808890-3614089488215839838,"6,501541267"
1674648424517-7231557803974844770,"1,192885291"
1674648424517-7231557803974844770,"5,964426456"
1675122760281-1252528311103033725,"2,123476091"
1675122760281-1252528311103033725,"1,361104883"
1675122760281-1252528311103033725,"8,848679253"
1675002705999-2799660225660200402,"1,403711395"
1675127052175-4393420202308559347,"3,414223007"
1674998441803-356917990529141089,"3,04706196"
1674854649401-8909520362931997654,"19,99"
1675122760281-1252528311103033725,"8,848679253"
1674628303457-9222218989058997388,"5,959006832"
1675008374493-2005069964362898019,"1,17074414"
1675203210460-126689856568953077,"1,657979543"
1674676206824-2520188768023781404,"1,182295101"
1674676206824-2520188768023781404,"3,076955263"
1674391335386-4168247061511941295,"1,944028492"
1674327961011-9017921583641272249,"2,99"
1674773701308-7395160097599603473,"4,237922953"
1674730974972-9133322658736432989,"0,9238305892"
1674761841029-8774419703011283196,"6,523988455"
1674604606385-4524850387777685638,"3,075192703"
1674406393425-5856906255707988643,"13,05218698"
1674652945997-434757405406216920,"2,94219916"
1674327961011-9017921583641272249,"49,99"
1674561960597-8518661322906684082,"6,073538364"
1674493884534-775772686989619850,"4,99"
1674493884534-775772686989619850,"4,99"
1674493884534-775772686989619850,"4,99"
1674493884534-775772686989619850,"4,99"
1674751627667-9055278498450699780,"1,178508182"
1674751627667-9055278498450699780,"1,178508182"
1674353022104-6179460686831546964,"1,484611734"
1674353022104-6179460686831546964,"1,484611734"
1674709713754-3238759763492470978,"1,48422447"
1674730428481-5173000769252660591,"2,119727792"
1674490202109-1847997242774128348,"22,85313545"
1674730428481-5173000769252660591,"0,9238305892"
1674490202109-1847997242774128348,"5,701849671"
1674490202109-1847997242774128348,"3,415011568"
1674730974972-9133322658736432989,"2,119727792"
1674561960597-8518661322906684082,"6,086724873"
1674561960597-8518661322906684082,"6,080307007"
1674561960597-8518661322906684082,"6,086724873"
1674736316768-4992314619766436390,"6,149280424"
1674730428481-5173000769252660591,"8,88735894"
1674731000252-845983727476076987,"3,073374601"
1674731385583-1572781573795906588,"2,606694515"
1674680808890-3614089488215839838,"6,526831926"
1674680808890-3614089488215839838,"4,025352082"
1674596481782-6395513657260827901,"13,09295012"
1674596481782-6395513657260827901,"6,541015113"
1674715728790-7809984652818246374,"9,99"
1674648424517-7231557803974844770,"1,194029851"
1674648424517-7231557803974844770,"5,970149254"
1674353022104-6179460686831546964,"1,488771737"
1674391335386-4168247061511941295,"19,39682516"
1674391335386-4168247061511941295,"4,84523614"
1674153879144-4911203523760981457,"3,919427916"
1674560041983-779359503535404097,"3,920540794"
1674766690939-2623162935677954317,"5,752078888"
1675140368683-8289446775406126225,"3,651356771"
1675203210460-126689856568953077,"1,657979543"
1674964914929-3332784112201064872,"1,400754361"
1675140368683-8289446775406126225,"2,003886203"
1674941884079-2494345536464805391,"3,34755028"
1675095260793-5175726995765825562,"1,99"
1675095260793-5175726995765825562,"4,99"
1675077529191-524799622150364329,"6,582048698"
1675077529191-524799622150364329,"13,1749555"
1675098880177-1485112726012337686,"5,923508329"
1675044163707-2085502629700665784,"8,465580334"
1674898332113-6091976971180822544,"4,99"
1675096662355-6094828701649063370,"10,52346639"
1675107580917-3347228137963636996,"1,99"
1675163856188-923314679164038043,"13,08923386"
1675095159466-8682862887522280943,"2,609113338"
1674756593110-4576436940910330415,"6,539158534"
1674939077787-5656430764492590875,"3,071984135"
1674939077787-5656430764492590875,"3,072102784"
1675025832427-1517463830979540087,"6,540707991"
1674939077787-5656430764492590875,"3,072102784"
1674939077787-5656430764492590875,"3,072102784"
1675084858769-3937778711640111719,"4,053452735"
1675096628535-154551034427610234,"3,582926687"
1675004950182-1978811662423873251,"13,07410477"
1674969750025-8659329499383401018,"2,16"
1675096662355-6094828701649063370,"5,255846248"
1674909701095-7587501899842961080,"1,489226246"
1674680808890-3614089488215839838,"6,521786469"
1675096306524-7475841299519052080,"1,414127059"
1675096306524-7475841299519052080,"1,414127059"
1675096306524-7475841299519052080,"1,414127059"
1674801664670-4174751118809999049,"13,03275036"
1674648424517-7231557803974844770,"2,993603412"
1674648424517-7231557803974844770,"3,582089552"
1674648424517-7231557803974844770,"3,582089552"
1674924514197-8669044748347147408,"5,614970811"
1674634050849-3816817757639854035,"4,146295599"
1674634050849-3816817757639854035,"4,146295599"
1674703988820-3512707949674015685,"10,86"
1674847741769-6359713928804463958,"10,86"
1674847741769-6359713928804463958,"5,42"
1675082176456-7792535587891387221,"1,381521263"
1674850265473-2431047325019494055,"1,180621488"
1674687564501-6402273028980797343,"5,23378808"
1675133503180-1768146006059635340,"7,428436959"
1674648424517-7231557803974844770,"3,582471479"
1674648424517-7231557803974844770,"3,582471479"
1674970750963-3190993960414896682,"6,506272742"
1674898332113-6091976971180822544,"1,99"
1674850265473-2431047325019494055,"3,092761826"
1675045601469-1772900846678291674,"1,499207027"
1675096628535-154551034427610234,"3,597104634"
1675107580917-3347228137963636996,"1,99"
1675084858769-3937778711640111719,"4,069950086"
1675084858769-3937778711640111719,"1,673124135"
1674761841029-8774419703011283196,"6,588426807"
1675004950182-1978811662423873251,"13,18785266"
1675004950182-1978811662423873251,"6,578730602"
1675004950182-1978811662423873251,"6,578730602"
1675084858769-3937778711640111719,"8,167304871"
1675084858769-3937778711640111719,"4,082485344"
1675084858769-3937778711640111719,"4,08632639"
1674847741769-6359713928804463958,"3,25"
1675084858769-3937778711640111719,"4,090606107"
1675084858769-3937778711640111719,"8,175329151"
1675084858769-3937778711640111719,"1,681615661"
1675138237718-2608148549146998162,"9,99"
1674761088469-5572492623777194094,"6,600914651"
1675149586419-8260700517257229670,"6,197976024"
1674784877841-1403539684334376968,"3,874967083"
1674970750963-3190993960414896682,"6,600507324"
1675119159301-7350863178719072900,"5,820470979"
1675119159301-7350863178719072900,"3,025713323"
1675119159301-7350863178719072900,"3,025713323"
1675119159301-7350863178719072900,"3,025713323"
1675025427364-6988004038846953518,"5,44"
1675114483815-6742225389169343637,"2,727139984"
1675025427364-6988004038846953518,"5,44"
1674953500653-797550947314334674,"1,098356772"
1674953500653-797550947314334674,"5,707147934"
1674970750963-3190993960414896682,"6,484649028"
1674878761201-5864858110139863926,"5,49"
1675137736331-9143754809592595535,"3,602422544"
1675096628535-154551034427610234,"2,074122071"
1675096628535-154551034427610234,"3,602422544"
1675096628535-154551034427610234,"6,964683585"
1674903868197-5784813166886788881,"1,194029851"
1674903868197-5784813166886788881,"2,993603412"
1674909701095-7587501899842961080,"1,496286804"
1675077529191-524799622150364329,"6,546376542"
1675104239129-6790929768934349014,"6,550098962"
1674850265473-2431047325019494055,"3,086336655"
1675104239129-6790929768934349014,"6,550098962"
1674991202583-4619592738301144133,"1,914771503"
1675096628535-154551034427610234,"3,562410822"
1675107496375-6997287803748075996,"3,08639409"
1674847741769-6359713928804463958,11
1675140368683-8289446775406126225,"3,594639889"
1675034348917-6037415638078437945,"1,380713279"
1675034348917-6037415638078437945,"3,34633049"
1675104239129-6790929768934349014,"6,485842672"
1675095159466-8682862887522280943,"2,587840398"
1675098880177-1485112726012337686,"12,22678503"
1674995380941-7535747179131067977,"1,66911833"
1675104239129-6790929768934349014,"6,485842672"
1675104239129-6790929768934349014,"2,587840398"
1675104239129-6790929768934349014,"3,88717449"
1675074112784-2348770293921433860,"12,90710702"
1675074112784-2348770293921433860,"6,448940532"
1675098880177-1485112726012337686,"3,59970081"
1675098880177-1485112726012337686,"3,59970081"
1675098880177-1485112726012337686,"3,59970081"
1675074112784-2348770293921433860,"12,90710702"
1674984821480-3381443419258436996,"12,02057553"
1675137689767-3192684835033167792,"3,168388341"
1675137689767-3192684835033167792,"3,168388341"
1675119159301-7350863178719072900,"1,744782731"
1675119159301-7350863178719072900,"1,162541553"
1675044163707-2085502629700665784,"2,509881416"
1675096628535-154551034427610234,"6,900164797"
1675055160872-1149053871800828357,"6,485849695"
1675104239129-6790929768934349014,"12,98251313"
1675074112784-2348770293921433860,"12,90710702"
1675114483815-6742225389169343637,"2,724204926"
1675160441592-3459186411664614638,"2,993603412"
1675045601469-1772900846678291674,"2,214301817"
1675008374493-2005069964362898019,"1,162699513"
1675203210460-126689856568953077,"4,234384543"
1675203210460-126689856568953077,"8,325360496"
1675119159301-7350863178719072900,"1,156237399"
1675106333473-55515122597745289,"1,380200092"
1675119159301-7350863178719072900,"12,13563708"
1675104239129-6790929768934349014,"12,91719635"
1675098880177-1485112726012337686,"1,162542455"
1675098880177-1485112726012337686,"1,744782731"
1672605281717-2675745204188121253,"9,99"
1672605281717-2675745204188121253,"4,99"
1672605281717-2675745204188121253,"2,99"
1672605281717-2675745204188121253,"4,99"
1672667005072-6030247780047621259,"1,99"
1672636727384-3862739007044586570,"4,99"
1672667005072-6030247780047621259,"9,99"
1672636727384-3862739007044586570,"4,99"
1672543171290-3749112578292991434,"4,99"
1672668358522-6376567430143497396,"1,99"
1672668358522-6376567430143497396,"9,99"
1672653908569-8633525734292758621,"4,99"
1672636727384-3862739007044586570,"4,99"
1672636727384-3862739007044586570,"4,99"
1672630623226-740172567942463478,"2,99"
1672624244453-2003083956820678595,"9,99"
1672619624657-4959497924906182729,"4,99"
1672725758250-368411423781320192,"4,99"
1672680199123-877706698388765476,"4,99"
1672680199123-877706698388765476,"1,99"
1672680199123-877706698388765476,"4,99"
1672680199123-877706698388765476,"4,99"
1672725758250-368411423781320192,"9,99"
1672640337716-3514894222003574030,"1,99"
1672640337716-3514894222003574030,"4,99"
1672636727384-3862739007044586570,"9,99"
1672605281717-2675745204188121253,"4,99"
1672605281717-2675745204188121253,"4,99"
1672605281717-2675745204188121253,"1,99"
1672653908569-8633525734292758621,"4,99"
1673542936766-8087092629709112870,"9,99"
1673148420397-8102460403526893360,"1,99"
1673410743016-6154795274608254002,"5,99"
1673229088373-377194311731405572,"1,99"
1673410743016-6154795274608254002,"4,99"
1673466183943-5538375550133318942,"9,99"
1673581683809-82971132644800864,"2,99"
1673421014682-8971237727557369210,"19,99"
1672845296746-6840090098293617802,"4,99"
1672804053631-4740002742240891755,"2,99"
1672725758250-368411423781320192,"19,99"
1672735653653-4786943694219551387,"1,99"
1672735653653-4786943694219551387,"4,99"
1672579382780-6842324984323762165,"4,99"
1672579382780-6842324984323762165,"4,99"
1672579382780-6842324984323762165,"4,99"
1672798771519-4608867612523403590,"1,99"
1673862363427-1116465871058439577,"1,99"
1673862363427-1116465871058439577,"4,99"
1673862363427-1116465871058439577,"4,99"
1673862363427-1116465871058439577,"2,99"
1673862363427-1116465871058439577,"4,99"
1673862363427-1116465871058439577,"2,99"
1673896839180-4274283849639371942,"9,99"
1673410743016-6154795274608254002,"2,99"
1673715940658-8705153149299775702,"9,99"
1673466183943-5538375550133318942,"4,99"
1673466183943-5538375550133318942,"9,99"
1673751572834-1383194753420075301,"4,99"
1673734381295-2191169873997022002,"19,99"
1673391681627-8458857906802765838,"4,99"
1673804894410-8063706468965924127,"2,99"
1673391836733-7577288121644533027,"9,99"
1673804894410-8063706468965924127,"2,99"
1673804894410-8063706468965924127,"2,99"
1673804894410-8063706468965924127,"4,99"
1673848392189-2585537279911154705,"4,99"
1673804894410-8063706468965924127,"4,99"
1673919702975-4598079831182829781,"1,99"
1673900303377-340711954256760118,"4,99"
1673900303377-340711954256760118,"4,99"
1673831439379-4501651278099810822,"9,99"
1673777461893-2154342906119966979,"9,99"
1673777461893-2154342906119966979,"4,99"
1673862363427-1116465871058439577,"2,99"
1673862363427-1116465871058439577,"4,99"
1673777461893-2154342906119966979,"9,99"
1673144515932-4776525434105425381,"4,99"
1673488998929-1358294366265438774,"4,99"
1673720444768-6401073164204122409,"2,99"
1673715940658-8705153149299775702,"4,99"
1673410743016-6154795274608254002,"5,99"
1673198685652-2182478829066029518,"9,99"
1673665788996-137685617947934139,"1,99"
1673126827857-5199878266128944599,"2,99"
1673126827857-5199878266128944599,"4,99"
1673614592207-841035912963765891,"9,99"
1673126827857-5199878266128944599,"19,99"
1673126827857-5199878266128944599,"19,99"
1673126827857-5199878266128944599,"4,99"
1673614592207-841035912963765891,"9,99"
1673614592207-841035912963765891,"2,99"
1672725758250-368411423781320192,"4,99"
1672725758250-368411423781320192,"9,99"
1672725758250-368411423781320192,"49,99"
1672725758250-368411423781320192,"99,99"
1672725758250-368411423781320192,"19,99"
1672725758250-368411423781320192,"4,99"
1672725758250-368411423781320192,"9,99"
1672861813809-1006221995190640504,"1,99"
1672735653653-4786943694219551387,"4,99"
1672725758250-368411423781320192,"4,99"
1672680199123-877706698388765476,"2,99"
1672579382780-6842324984323762165,"1,99"
1672735653653-4786943694219551387,"4,99"
1672735653653-4786943694219551387,"4,99"
1672890189733-7567075083627729188,"4,99"
1672868465989-2587475740495617243,"4,99"
1672861813809-1006221995190640504,"4,99"
1672861813809-1006221995190640504,"2,99"
1672861813809-1006221995190640504,"19,99"
1672861813809-1006221995190640504,"4,99"
1674070455376-6241148189664122574,"2,99"
1674003640748-700372152099542771,"4,99"
1673817540686-874877543338274819,"4,99"
1673997616309-132806787928748372,"1,99"
1673898030204-8247130431493660259,"4,99"
1673922267358-3591805125757673656,"9,99"
1673922267358-3591805125757673656,"2,99"
1673922267358-3591805125757673656,"4,99"
1673862363427-1116465871058439577,"9,99"
1673922267358-3591805125757673656,"4,99"
1673900303377-340711954256760118,"4,99"
1673997616309-132806787928748372,"1,99"
1673900303377-340711954256760118,"4,99"
1673665788996-137685617947934139,"4,99"
1673720444768-6401073164204122409,"1,99"
1673900303377-340711954256760118,"4,99"
1674003640748-700372152099542771,"4,99"
1673958758791-7151769907364882426,"1,99"
1673958758791-7151769907364882426,"4,99"
1674015211612-8250481782696336664,"4,99"
1674003640748-700372152099542771,"4,99"
1673817540686-874877543338274819,"2,99"
1673633226329-4813168288798767284,"2,99"
1674055491532-2983145493587077200,"4,99"
1673633226329-4813168288798767284,"9,99"
1673633226329-4813168288798767284,"4,99"
1673633226329-4813168288798767284,"4,99"
1674055491532-2983145493587077200,"4,99"
1674055491532-2983145493587077200,"2,99"
1673633226329-4813168288798767284,"4,99"
1673633226329-4813168288798767284,"4,99"
1673633226329-4813168288798767284,"4,99"
1673633226329-4813168288798767284,"4,99"
1673633226329-4813168288798767284,"2,99"
1673804894410-8063706468965924127,"9,99"
1673900303377-340711954256760118,"9,99"
1673778819137-6050511183152546918,"1,478079552"
1673778819137-6050511183152546918,"3,800775992"
1673997237772-6363358275539230936,"4,99"
1673896839180-4274283849639371942,"9,99"
1673476408512-2573452704840086997,"9,99"
1673476408512-2573452704840086997,"5,99"
1673476408512-2573452704840086997,"5,99"
1673804894410-8063706468965924127,"4,99"
1673472688425-6555229487423664560,"9,99"
1673758510405-2011308112947298959,"9,99"
1673809980075-7290948890563656399,"4,99"
1673476408512-2573452704840086997,"5,99"
1673476408512-2573452704840086997,"9,99"
1673610344235-6776756737139386891,"2,99"
1673476408512-2573452704840086997,"19,99"
1673777461893-2154342906119966979,"4,99"
1673777461893-2154342906119966979,"4,99"
1673777461893-2154342906119966979,"4,99"
1673758510405-2011308112947298959,"1,99"
1673397517208-5541001635634682774,"1,99"
1673762985345-2034425483046462659,"4,99"
1673762985345-2034425483046462659,"2,99"
1673758510405-2011308112947298959,"2,99"
1673466183943-5538375550133318942,"4,99"
1673198685652-2182478829066029518,"4,99"
1673198685652-2182478829066029518,"4,99"
1673734381295-2191169873997022002,"2,99"
1674003640748-700372152099542771,"9,99"
1674003640748-700372152099542771,"4,99"
1674174840844-4011526515616317260,"4,99"
1674174840844-4011526515616317260,"4,99"
1674217921682-6214449448598692429,"1,99"
1673778819137-6050511183152546918,"7,386935045"
1673778819137-6050511183152546918,"3,798995166"
1673778819137-6050511183152546918,"15,00304799"
1673778819137-6050511183152546918,"15,00304799"
1673862363427-1116465871058439577,"4,99"
1674183850674-8856370779568763419,"1,99"
1673862363427-1116465871058439577,"2,99"
1674178668373-5051688734656575265,"4,99"
1673862363427-1116465871058439577,"9,99"
1673633226329-4813168288798767284,"4,99"
1673633226329-4813168288798767284,"19,99"
1673633226329-4813168288798767284,"9,99"
1673633226329-4813168288798767284,"4,99"
1674184179059-1930381021795716535,"4,99"
1673862363427-1116465871058439577,"2,99"
1673862363427-1116465871058439577,"4,99"
1674242545230-6467421232101826811,"1,99"
1674148039448-9153813700456078433,"9,99"
1674392150767-6447681183379761331,"4,99"
1674415430124-5151339368335862925,"1,99"
1674003640748-700372152099542771,"1,99"
1674271942210-87295429614746399,"1,99"
1674301722655-997496746279453827,"4,99"
1674003640748-700372152099542771,"4,99"
1674392150767-6447681183379761331,"1,99"
1674303694833-6205159071745296736,"2,99"
1673778819137-6050511183152546918,"7,417295565"
1673778819137-6050511183152546918,"15,09949454"
1673924305842-2138606797448681330,"4,99"
1674355334404-5632960839138106930,"4,99"
1674305479261-9169887499624739965,"4,99"
1674347869067-4109476319833582658,"2,99"
1674232676972-6178504631050407232,"4,99"
1674347869067-4109476319833582658,"9,99"
1674347869067-4109476319833582658,"9,99"
1674347869067-4109476319833582658,"4,99"
1674347869067-4109476319833582658,"4,99"
1674055491532-2983145493587077200,"4,99"
1674347869067-4109476319833582658,"4,99"
1674355334404-5632960839138106930,"4,99"
1674347869067-4109476319833582658,"2,99"
1674347869067-4109476319833582658,"4,99"
1674347869067-4109476319833582658,"4,99"
1674003640748-700372152099542771,"4,99"
1673817540686-874877543338274819,"4,99"
1672804053631-4740002742240891755,"2,99"
1672804053631-4740002742240891755,"19,99"
1672735653653-4786943694219551387,"1,99"
1672735653653-4786943694219551387,"4,99"
1672735653653-4786943694219551387,"4,99"
1672878546884-8504240120713449588,"9,99"
1674242545230-6467421232101826811,"4,99"
1674003640748-700372152099542771,"4,99"
1674174840844-4011526515616317260,"9,99"
1674265401999-1709754723484139065,"5,49"
1675018248952-1822700049624084206,"19,99"
1674992672627-2449730529934400636,"9,99"
1674992672627-2449730529934400636,"1,99"
1674992672627-2449730529934400636,"4,99"
1674992672627-2449730529934400636,"1,99"
1674460867228-7670623291692771055,"9,99"
1674709248722-8823640920984179239,"4,99"
1674905816822-118265586712209013,"9,99"
1675024358187-4933470081368742288,"9,99"
1674460867228-7670623291692771055,"9,99"
1674840247965-6302198744424142679,"4,99"
1674613271463-8128867002714174378,"4,99"
1675005974505-2108460584369992953,"1,99"
1674460867228-7670623291692771055,"4,99"
1675004559233-7808038254938179133,"9,99"
1675004559233-7808038254938179133,"2,99"
1674992672627-2449730529934400636,"4,99"
1674868954724-5207880043078330855,"4,99"
1674868954724-5207880043078330855,"4,99"
1674868954724-5207880043078330855,"9,99"
1674460867228-7670623291692771055,"19,99"
1674922106925-7484595913540175821,"2,99"
1674840247965-6302198744424142679,"9,99"
1674772122710-1643741389835227036,"19,99"
1674794245045-2053478448898832680,"2,99"
1674781973119-3142069436437633648,"4,99"
1674764141736-877740418093250251,"4,99"
1674772122710-1643741389835227036,"4,99"
1674772122710-1643741389835227036,"4,99"
1674772122710-1643741389835227036,"4,99"
1674772122710-1643741389835227036,"4,99"
1674772122710-1643741389835227036,"1,99"
1674342062545-6275092538755478043,"19,99"
1674342062545-6275092538755478043,"1,99"
1674342062545-6275092538755478043,"9,99"
1674772122710-1643741389835227036,"1,99"
1674761786028-6533181781921611243,"4,99"
1674342062545-6275092538755478043,"19,99"
1674796207146-7111382286098053570,"4,99"
1674342062545-6275092538755478043,"19,99"
1674342062545-6275092538755478043,"19,99"
1674342062545-6275092538755478043,"1,99"
1674460867228-7670623291692771055,"49,99"
1674905816822-118265586712209013,"4,99"
1674696515292-4993270530834379302,"9,99"
1674670692664-6857867002691633559,"9,99"
1674670692664-6857867002691633559,"4,99"
1674670692664-6857867002691633559,"1,99"
1674670692664-6857867002691633559,"9,99"
1674709248722-8823640920984179239,"4,99"
1674992672627-2449730529934400636,"4,99"
1674578541428-8922809304631956210,"19,99"
1674807661634-6473981628285262138,"9,99"
1674670692664-6857867002691633559,"4,99"
1674460867228-7670623291692771055,"4,99"
1674508785232-7552682509579297355,"1,99"
1674003640748-700372152099542771,"9,99"
1674460867228-7670623291692771055,"2,99"
1674392150767-6447681183379761331,"4,99"
1674392150767-6447681183379761331,"9,99"
1674392150767-6447681183379761331,"1,99"
1674342062545-6275092538755478043,"4,99"
1674342062545-6275092538755478043,"4,99"
1673958758791-7151769907364882426,"4,99"
1673958758791-7151769907364882426,"2,99"
1674342062545-6275092538755478043,"1,99"
1674347869067-4109476319833582658,"1,99"
1674347869067-4109476319833582658,"4,99"
1674342062545-6275092538755478043,"1,99"
1674340312883-59009064303661330,"1,99"
1674340312883-59009064303661330,"4,99"
1674003640748-700372152099542771,"1,99"
1674441420435-6638922045858621807,"1,99"
1674340312883-59009064303661330,"4,99"
1674392150767-6447681183379761331,"1,99"
1674342062545-6275092538755478043,"2,99"
1674342062545-6275092538755478043,"4,99"
1674347869067-4109476319833582658,"2,99"
1673900303377-340711954256760118,"1,99"
1674347869067-4109476319833582658,"1,99"
1673900303377-340711954256760118,"4,99"
1674347869067-4109476319833582658,"4,99"
1673900303377-340711954256760118,"2,99"
1674347869067-4109476319833582658,"9,99"
1673862363427-1116465871058439577,"9,99"
1673862363427-1116465871058439577,"2,99"
1674342062545-6275092538755478043,"4,99"
1674342062545-6275092538755478043,"4,99"
1674215951197-7189569431863332441,"1,99"
1674439513210-7338807343467994181,"1,99"
1674439513210-7338807343467994181,"2,99"
1674439513210-7338807343467994181,"4,99"
1674003640748-700372152099542771,"9,99"
1674392150767-6447681183379761331,"4,99"
1674215951197-7189569431863332441,"1,99"
1674215951197-7189569431863332441,"1,99"
1674426236922-92026124124251559,"4,99"
1674426236922-92026124124251559,"19,99"
1674392150767-6447681183379761331,"4,99"
1673862363427-1116465871058439577,"4,99"
1674415430124-5151339368335862925,"4,99"
1672725758250-368411423781320192,"19,99"
1672725758250-368411423781320192,"49,99"
1672725758250-368411423781320192,"99,99"
1672725758250-368411423781320192,"9,99"
1672725758250-368411423781320192,"19,99"
1672725758250-368411423781320192,"49,99"
1672861813809-1006221995190640504,"1,99"
1672861813809-1006221995190640504,"1,99"
1672977031096-2680714092630606122,"2,99"
1672977031096-2680714092630606122,"19,99"
1672977031096-2680714092630606122,"9,99"
1673126827857-5199878266128944599,"4,99"
1672861813809-1006221995190640504,"4,99"
1672689766915-792865630666405910,"4,99"
1673018883230-3298688504075472543,"2,99"
1674638309808-8900513975379573262,"4,99"
1674638309808-8900513975379573262,"4,99"
1674932163163-8356892481356572207,"4,99"
1674696515292-4993270530834379302,"4,99"
1674342062545-6275092538755478043,"9,99"
1674460867228-7670623291692771055,"4,99"
1674696515292-4993270530834379302,"9,99"
1674905816822-118265586712209013,"4,99"
1674342062545-6275092538755478043,"19,99"
1674342062545-6275092538755478043,"1,99"
1674904671977-2695754826353379788,"1,99"
1674342062545-6275092538755478043,"9,99"
1674831718732-1224670570196573495,"9,99"
1674905816822-118265586712209013,"9,99"
1674342062545-6275092538755478043,"9,99"
1674342062545-6275092538755478043,"4,99"
1674705758412-603748150781807552,"4,99"
1674342062545-6275092538755478043,"19,99"
1674342062545-6275092538755478043,"2,99"
1674868954724-5207880043078330855,"4,99"
1674785977839-4387151963098139346,"4,99"
1674426236922-92026124124251559,"1,99"
1674426236922-92026124124251559,"1,99"
1674426236922-92026124124251559,"4,99"
1674426236922-92026124124251559,"9,99"
1674340312883-59009064303661330,"2,99"
1674268852184-2644305418047355857,"4,99"
1674532869648-5916297331856053635,"9,99"
1674392150767-6447681183379761331,"4,99"
1674342062545-6275092538755478043,"9,99"
1674342062545-6275092538755478043,"19,99"
1674440915770-7862827710676915338,"1,99"
1674342062545-6275092538755478043,"9,99"
1674342062545-6275092538755478043,"1,99"
1674440915770-7862827710676915338,"1,99"
1674363394273-6622012617356086244,"4,99"
1674242545230-6467421232101826811,"4,99"
1674460867228-7670623291692771055,"4,99"
1674003640748-700372152099542771,"1,99"
1674260215032-6505272670412624940,"4,99"
1674532869648-5916297331856053635,"1,99"
1674532869648-5916297331856053635,"2,99"
1674392150767-6447681183379761331,"4,99"
1674532869648-5916297331856053635,"1,99"
1674531206477-6767032359841431846,"2,99"
1674508785232-7552682509579297355,"4,99"
1674460867228-7670623291692771055,"4,99"
1674531206477-6767032359841431846,"4,99"
1673929282834-7838323665321777461,"4,99"
1674342062545-6275092538755478043,"4,99"
1674260215032-6505272670412624940,"4,99"
1674426236922-92026124124251559,"9,99"
1674392150767-6447681183379761331,"9,99"
1674460867228-7670623291692771055,"9,99"
1674606836264-7357034055404225169,"1,99"
1674684952791-1520949042054614655,"4,99"
1674684952791-1520949042054614655,"2,99"
1674570331889-7473441113110627719,"4,99"
1674570331889-7473441113110627719,"49,99"
1674570331889-7473441113110627719,"99,99"
1674670692664-6857867002691633559,"1,99"
1674342062545-6275092538755478043,"19,99"
1674268852184-2644305418047355857,"1,99"
1674460867228-7670623291692771055,"19,99"
1674301722655-997496746279453827,"4,99"
1674260215032-6505272670412624940,"4,99"
1674523682423-187952008832917331,"4,99"
1674342062545-6275092538755478043,"9,99"
1674532869648-5916297331856053635,"4,99"
1674532869648-5916297331856053635,"9,99"
1674613271463-8128867002714174378,"2,99"
1674532869648-5916297331856053635,"4,99"
1674513390848-9150957079393156433,"4,99"
1674460867228-7670623291692771055,"9,99"
1674347869067-4109476319833582658,"4,99"
1674347869067-4109476319833582658,"9,99"
1675039368261-9199231329494565234,"19,99"
1675131513485-3791216833408693604,"4,99"
1674928404929-5229108262921586446,"9,99"
1674696515292-4993270530834379302,"4,99"
1675039368261-9199231329494565234,"4,99"
1674709248722-8823640920984179239,"4,99"
1675166706873-5076691461141189132,"4,99"
1674709248722-8823640920984179239,"4,99"
1675045907605-2721998631902619834,"4,99"
1674613271463-8128867002714174378,"9,99"
1674613271463-8128867002714174378,"9,99"
1674613271463-8128867002714174378,"9,99"
1675045907605-2721998631902619834,"2,99"
1675045907605-2721998631902619834,"9,99"
1674868954724-5207880043078330855,"4,99"
1674868954724-5207880043078330855,"4,99"
1674977775989-3704632339275616980,"4,99"
1674709248722-8823640920984179239,"4,99"
1675039368261-9199231329494565234,"9,99"
1674670692664-6857867002691633559,"4,99"
1675039368261-9199231329494565234,"9,99"
1673218510347-7117456794730730498,"2,99"
1672861813809-1006221995190640504,"2,99"
1672974222275-3748239862975620128,"4,99"
1673200801115-963199587551292316,"1,99"
1673200801115-963199587551292316,"9,99"
1673055749150-972999985298243396,"4,99"
1672579382780-6842324984323762165,"4,99"
1673126827857-5199878266128944599,"4,99"
1673126827857-5199878266128944599,"2,99"
1673126827857-5199878266128944599,"19,99"
1674928404929-5229108262921586446,"1,99"
1675089172592-1250545219709685712,"4,99"
1675183074239-3588843421689144365,"1,99"
1674709248722-8823640920984179239,"9,99"
1674709248722-8823640920984179239,"4,99"
1674709248722-8823640920984179239,"2,99"
1674709248722-8823640920984179239,"19,99"
1675183074239-3588843421689144365,"2,99"
1675018248952-1822700049624084206,"19,99"
1674460867228-7670623291692771055,"4,99"
1674460867228-7670623291692771055,"4,99"
1674761786028-6533181781921611243,"4,99"
1674593891608-1143400385518381533,"1,99"
1674761786028-6533181781921611243,"1,99"
1674761786028-6533181781921611243,"2,99"
1674761786028-6533181781921611243,"4,99"
1674268852184-2644305418047355857,"1,99"
1674268852184-2644305418047355857,"4,99"
1674268852184-2644305418047355857,"4,99"
1674570331889-7473441113110627719,"19,99"
1674570331889-7473441113110627719,"19,99"
1674242288059-2441107294437249157,"4,99"
1674694483613-3845452842936633743,"1,99"
1674268852184-2644305418047355857,"1,99"
1674408387980-1759122938762621502,"9,99"
1674408387980-1759122938762621502,"4,99"
1674670692664-6857867002691633559,"4,99"
1674680755897-2689100563536351009,"4,99"
1674974616690-2758760750490978784,"1,99"
1674905816822-118265586712209013,"4,99"
1675045907605-2721998631902619834,"4,99"
1675139973557-4162018849488092549,"4,99"
1672823247777-6696354847862349278,"1,99"
1672823247777-6696354847862349278,"1,99"
1672823247777-6696354847862349278,"4,99"
1673015433169-7107015042814985552,"4,99"
1673128069038-3778488302400554181,"1,99"
1673198685652-2182478829066029518,"1,99"
1673060354633-6653075356058134032,"4,99"
1673060354633-6653075356058134032,"4,99"
1672735653653-4786943694219551387,"4,99"
1674905816822-118265586712209013,"9,99"
1674959886677-5004065647537188764,"4,99"
1674959886677-5004065647537188764,"4,99"
1674992672627-2449730529934400636,"4,99"
1674992672627-2449730529934400636,"4,99"
1675172518646-1769421258282004237,"49,99"
1674974616690-2758760750490978784,"4,99"
1675203257909-5067654210603441895,"9,99"
1674974616690-2758760750490978784,"2,99"
1674974616690-2758760750490978784,"2,99"
1674974616690-2758760750490978784,"9,99"
1674974616690-2758760750490978784,"1,99"
1675183074239-3588843421689144365,"9,99"
1675183074239-3588843421689144365,"4,99"
1675183074239-3588843421689144365,"4,99"
1674959886677-5004065647537188764,"9,99"
1674959886677-5004065647537188764,"2,99"
1675131513485-3791216833408693604,"4,99"
1674992672627-2449730529934400636,"9,99"
1675183074239-3588843421689144365,"4,99"
1675203257909-5067654210603441895,"1,99"
1673198685652-2182478829066029518,"1,99"
1673198685652-2182478829066029518,"4,99"
1673217643733-3240519236830507168,"4,99"
1672845296746-6840090098293617802,"1,99"
1673022679344-9196269981254225444,"1,99"
1673022679344-9196269981254225444,"1,99"
1673022679344-9196269981254225444,"1,99"
1673347870872-5717779101886746202,"4,99"
1673347870872-5717779101886746202,"2,99"
1672861813809-1006221995190640504,"9,99"
1672804053631-4740002742240891755,"4,99"
1672804053631-4740002742240891755,"4,99"
1673472688425-6555229487423664560,"1,99"
1673410743016-6154795274608254002,"8,99"
1673396566719-3833588150408609766,"4,99"
1673396566719-3833588150408609766,"4,99"
1673410743016-6154795274608254002,"4,99"
1673410743016-6154795274608254002,"9,99"
1673410743016-6154795274608254002,"4,99"
1673410743016-6154795274608254002,"2,99"
1673410743016-6154795274608254002,"19,99"
1673410743016-6154795274608254002,"4,99"
1673410743016-6154795274608254002,"9,99"
1673391836733-7577288121644533027,"9,99"
1673410743016-6154795274608254002,"2,99"
1673410743016-6154795274608254002,"19,99"
1673396566719-3833588150408609766,"9,99"
1673022679344-9196269981254225444,"1,99"
1673396566719-3833588150408609766,"9,99"
1673396566719-3833588150408609766,"4,99"
1673396566719-3833588150408609766,"4,99"
1673148420397-8102460403526893360,"19,99"
1673398963248-7287035487828640682,"9,99"
1673398963248-7287035487828640682,"2,99"
1673198685652-2182478829066029518,"1,99"
1673391681627-8458857906802765838,"4,99"
1673391836733-7577288121644533027,"4,99"
1673448265203-13427474715603838,"1,99"
1673488998929-1358294366265438774,"4,99"
1673436045529-6255423594941336299,"9,99"
1673410743016-6154795274608254002,"19,99"
1673410743016-6154795274608254002,"4,99"
1673410743016-6154795274608254002,"2,99"
1673410743016-6154795274608254002,"4,99"
1673410743016-6154795274608254002,"4,99"
1673190246471-5027966427991876824,"4,99"
1673409134243-2253051822699111766,"1,99"
1673173448844-7123897302277463823,"4,99"
1673472688425-6555229487423664560,"9,99"
1673198685652-2182478829066029518,"1,99"
1673198685652-2182478829066029518,"4,99"
1673198685652-2182478829066029518,"1,99"
1673922225341-1149308068658757168,"59,36981758"
1673922225341-1149308068658757168,"59,36981758"
1673922225341-1149308068658757168,"59,36981758"
1673922225341-1149308068658757168,"59,36981758"
1673922225341-1149308068658757168,"59,36981758"
1673922225341-1149308068658757168,"59,36981758"
1673922225341-1149308068658757168,"59,36981758"
1673922225341-1149308068658757168,"59,36981758"
1673922225341-1149308068658757168,"3,584871841"
1673922225341-1149308068658757168,"3,584871841"
1673922225341-1149308068658757168,"3,584871841"
1673922225341-1149308068658757168,"3,584871841"
1673922225341-1149308068658757168,"3,584871841"
1673922225341-1149308068658757168,"3,584871841"
1673922225341-1149308068658757168,"3,584871841"
1673922225341-1149308068658757168,"3,584871841"
1673922225341-1149308068658757168,"58,94847771"
1673922225341-1149308068658757168,"58,94847771"
1673922225341-1149308068658757168,"58,94847771"
1673922225341-1149308068658757168,"58,94847771"
1673922225341-1149308068658757168,"58,94847771"
1673922225341-1149308068658757168,"58,94847771"
1673922225341-1149308068658757168,"58,94847771"
1673922225341-1149308068658757168,"58,94847771"
1673922225341-1149308068658757168,"58,94847771"
1673922225341-1149308068658757168,"58,94847771"
1673922225341-1149308068658757168,"58,94847771"
1673922225341-1149308068658757168,"58,94847771"
1673922225341-1149308068658757168,"58,94847771"
1673922225341-1149308068658757168,"59,36981758"
1673922225341-1149308068658757168,"59,36981758"
1673922225341-1149308068658757168,"59,36981758"
1673922225341-1149308068658757168,"59,36981758"
1674898526592-5637181093880508215,"13,03615113"
1674898526592-5637181093880508215,"13,03615113"
1674898526592-5637181093880508215,"13,03615113"
1674898526592-5637181093880508215,"13,03615113"
1674898526592-5637181093880508215,"53,013755"